Demand Multiplier,Total Cost,Demand Level
0.8,890.0280000000002,80%
0.9,1001.2814999999998,90%
1.0,1112.5350000000003,100%
1.1,1223.7885,110%
1.2,1335.0420000000001,120%
1.3,1446.2954999999997,130%
