Discount Rate,Total Cost,Discount Rate Label
0.0,1182.654,0%
0.05,1159.3799999999999,5%
0.1,1136.106,10%
0.15,1112.5350000000003,15%
0.2,1087.9135000000003,20%
0.25,1062.90325,25%
0.3,1037.691,30%
