Holding Cost Multiplier,Total Cost,Multiplier Label
0.5,1081.198,0.5x
0.75,1097.1113750000004,0.75x
1.0,1112.5350000000003,1.0x
1.25,1127.31925,1.25x
1.5,1141.8065,1.5x
2.0,1170.781,2.0x
